indicator,geo,sector,period,available_at,value,availability_basis,source_url,retrieved_at
policy_rate,*,*,2023-09-20,2023-09-20,4.0,official_effective_date,https://www.ecb.europa.eu/stats/policy_and_exchange_rates/key_ecb_interest_rates/html/index.en.html,2026-09-19
policy_rate,*,*,2024-06-12,2024-06-12,3.75,official_effective_date,https://www.ecb.europa.eu/stats/policy_and_exchange_rates/key_ecb_interest_rates/html/index.en.html,2026-09-19
policy_rate,*,*,2024-09-18,2024-09-18,3.5,official_effective_date,https://www.ecb.europa.eu/stats/policy_and_exchange_rates/key_ecb_interest_rates/html/index.en.html,2026-09-19
policy_rate,*,*,2024-10-23,2024-10-23,3.25,official_effective_date,https://www.ecb.europa.eu/stats/policy_and_exchange_rates/key_ecb_interest_rates/html/index.en.html,2026-09-19
policy_rate,*,*,2024-12-18,2024-12-18,3.0,official_effective_date,https://www.ecb.europa.eu/stats/policy_and_exchange_rates/key_ecb_interest_rates/html/index.en.html,2026-09-19
policy_rate,*,*,2025-02-05,2025-02-05,2.75,official_effective_date,https://www.ecb.europa.eu/stats/policy_and_exchange_rates/key_ecb_interest_rates/html/index.en.html,2026-09-19
policy_rate,*,*,2025-03-12,2025-03-12,2.5,official_effective_date,https://www.ecb.europa.eu/stats/policy_and_exchange_rates/key_ecb_interest_rates/html/index.en.html,2026-09-19
policy_rate,*,*,2025-04-23,2025-04-23,2.25,official_effective_date,https://www.ecb.europa.eu/stats/policy_and_exchange_rates/key_ecb_interest_rates/html/index.en.html,2026-09-19
policy_rate,*,*,2025-06-11,2025-06-11,2.0,official_effective_date,https://www.ecb.europa.eu/stats/policy_and_exchange_rates/key_ecb_interest_rates/html/index.en.html,2026-09-19
policy_rate,*,*,2026-06-17,2026-06-17,2.25,official_effective_date,https://www.ecb.europa.eu/stats/policy_and_exchange_rates/key_ecb_interest_rates/html/index.en.html,2026-09-19
usd_eur,*,*,2024-01-01,2024-02-08,1.0905136363636,assumed_lag,https://data-api.ecb.europa.eu/service/data/EXR/M.USD.EUR.SP00.A?startPeriod=2024-01&endPeriod=2026-08&format=csvdata,2026-09-19
usd_eur,*,*,2024-02-01,2024-03-08,1.0794714285714,assumed_lag,https://data-api.ecb.europa.eu/service/data/EXR/M.USD.EUR.SP00.A?startPeriod=2024-01&endPeriod=2026-08&format=csvdata,2026-09-19
usd_eur,*,*,2024-03-01,2024-04-08,1.08722,assumed_lag,https://data-api.ecb.europa.eu/service/data/EXR/M.USD.EUR.SP00.A?startPeriod=2024-01&endPeriod=2026-08&format=csvdata,2026-09-19
usd_eur,*,*,2024-04-01,2024-05-08,1.0727761904762,assumed_lag,https://data-api.ecb.europa.eu/service/data/EXR/M.USD.EUR.SP00.A?startPeriod=2024-01&endPeriod=2026-08&format=csvdata,2026-09-19
usd_eur,*,*,2024-05-01,2024-06-08,1.0812227272727,assumed_lag,https://data-api.ecb.europa.eu/service/data/EXR/M.USD.EUR.SP00.A?startPeriod=2024-01&endPeriod=2026-08&format=csvdata,2026-09-19
usd_eur,*,*,2024-06-01,2024-07-08,1.0759,assumed_lag,https://data-api.ecb.europa.eu/service/data/EXR/M.USD.EUR.SP00.A?startPeriod=2024-01&endPeriod=2026-08&format=csvdata,2026-09-19
usd_eur,*,*,2024-07-01,2024-08-08,1.0844086956522,assumed_lag,https://data-api.ecb.europa.eu/service/data/EXR/M.USD.EUR.SP00.A?startPeriod=2024-01&endPeriod=2026-08&format=csvdata,2026-09-19
usd_eur,*,*,2024-08-01,2024-09-08,1.1012181818182,assumed_lag,https://data-api.ecb.europa.eu/service/data/EXR/M.USD.EUR.SP00.A?startPeriod=2024-01&endPeriod=2026-08&format=csvdata,2026-09-19
usd_eur,*,*,2024-09-01,2024-10-08,1.1106,assumed_lag,https://data-api.ecb.europa.eu/service/data/EXR/M.USD.EUR.SP00.A?startPeriod=2024-01&endPeriod=2026-08&format=csvdata,2026-09-19
usd_eur,*,*,2024-10-01,2024-11-08,1.0904347826087,assumed_lag,https://data-api.ecb.europa.eu/service/data/EXR/M.USD.EUR.SP00.A?startPeriod=2024-01&endPeriod=2026-08&format=csvdata,2026-09-19
usd_eur,*,*,2024-11-01,2024-12-08,1.0630142857143,assumed_lag,https://data-api.ecb.europa.eu/service/data/EXR/M.USD.EUR.SP00.A?startPeriod=2024-01&endPeriod=2026-08&format=csvdata,2026-09-19
usd_eur,*,*,2024-12-01,2025-01-08,1.047875,assumed_lag,https://data-api.ecb.europa.eu/service/data/EXR/M.USD.EUR.SP00.A?startPeriod=2024-01&endPeriod=2026-08&format=csvdata,2026-09-19
usd_eur,*,*,2025-01-01,2025-02-08,1.0353727272727,assumed_lag,https://data-api.ecb.europa.eu/service/data/EXR/M.USD.EUR.SP00.A?startPeriod=2024-01&endPeriod=2026-08&format=csvdata,2026-09-19
usd_eur,*,*,2025-02-01,2025-03-08,1.04125,assumed_lag,https://data-api.ecb.europa.eu/service/data/EXR/M.USD.EUR.SP00.A?startPeriod=2024-01&endPeriod=2026-08&format=csvdata,2026-09-19
usd_eur,*,*,2025-03-01,2025-04-08,1.080680952381,assumed_lag,https://data-api.ecb.europa.eu/service/data/EXR/M.USD.EUR.SP00.A?startPeriod=2024-01&endPeriod=2026-08&format=csvdata,2026-09-19
usd_eur,*,*,2025-04-01,2025-05-08,1.1213950000000001,assumed_lag,https://data-api.ecb.europa.eu/service/data/EXR/M.USD.EUR.SP00.A?startPeriod=2024-01&endPeriod=2026-08&format=csvdata,2026-09-19
usd_eur,*,*,2025-05-01,2025-06-08,1.1278047619047618,assumed_lag,https://data-api.ecb.europa.eu/service/data/EXR/M.USD.EUR.SP00.A?startPeriod=2024-01&endPeriod=2026-08&format=csvdata,2026-09-19
usd_eur,*,*,2025-06-01,2025-07-08,1.1516190476190478,assumed_lag,https://data-api.ecb.europa.eu/service/data/EXR/M.USD.EUR.SP00.A?startPeriod=2024-01&endPeriod=2026-08&format=csvdata,2026-09-19
usd_eur,*,*,2025-07-01,2025-08-08,1.1676869565217392,assumed_lag,https://data-api.ecb.europa.eu/service/data/EXR/M.USD.EUR.SP00.A?startPeriod=2024-01&endPeriod=2026-08&format=csvdata,2026-09-19
usd_eur,*,*,2025-08-01,2025-09-08,1.1631428571428575,assumed_lag,https://data-api.ecb.europa.eu/service/data/EXR/M.USD.EUR.SP00.A?startPeriod=2024-01&endPeriod=2026-08&format=csvdata,2026-09-19
usd_eur,*,*,2025-09-01,2025-10-08,1.1732227272727274,assumed_lag,https://data-api.ecb.europa.eu/service/data/EXR/M.USD.EUR.SP00.A?startPeriod=2024-01&endPeriod=2026-08&format=csvdata,2026-09-19
usd_eur,*,*,2025-10-01,2025-11-08,1.1630434782608696,assumed_lag,https://data-api.ecb.europa.eu/service/data/EXR/M.USD.EUR.SP00.A?startPeriod=2024-01&endPeriod=2026-08&format=csvdata,2026-09-19
usd_eur,*,*,2025-11-01,2025-12-08,1.15602,assumed_lag,https://data-api.ecb.europa.eu/service/data/EXR/M.USD.EUR.SP00.A?startPeriod=2024-01&endPeriod=2026-08&format=csvdata,2026-09-19
usd_eur,*,*,2025-12-01,2026-01-08,1.1708714285714283,assumed_lag,https://data-api.ecb.europa.eu/service/data/EXR/M.USD.EUR.SP00.A?startPeriod=2024-01&endPeriod=2026-08&format=csvdata,2026-09-19
usd_eur,*,*,2026-01-01,2026-02-08,1.1738238095238096,assumed_lag,https://data-api.ecb.europa.eu/service/data/EXR/M.USD.EUR.SP00.A?startPeriod=2024-01&endPeriod=2026-08&format=csvdata,2026-09-19
usd_eur,*,*,2026-02-01,2026-03-08,1.182395,assumed_lag,https://data-api.ecb.europa.eu/service/data/EXR/M.USD.EUR.SP00.A?startPeriod=2024-01&endPeriod=2026-08&format=csvdata,2026-09-19
usd_eur,*,*,2026-03-01,2026-04-08,1.1558318181818181,assumed_lag,https://data-api.ecb.europa.eu/service/data/EXR/M.USD.EUR.SP00.A?startPeriod=2024-01&endPeriod=2026-08&format=csvdata,2026-09-19
usd_eur,*,*,2026-04-01,2026-05-08,1.1706400000000001,assumed_lag,https://data-api.ecb.europa.eu/service/data/EXR/M.USD.EUR.SP00.A?startPeriod=2024-01&endPeriod=2026-08&format=csvdata,2026-09-19
usd_eur,*,*,2026-05-01,2026-06-08,1.16732,assumed_lag,https://data-api.ecb.europa.eu/service/data/EXR/M.USD.EUR.SP00.A?startPeriod=2024-01&endPeriod=2026-08&format=csvdata,2026-09-19
usd_eur,*,*,2026-06-01,2026-07-08,1.1518,assumed_lag,https://data-api.ecb.europa.eu/service/data/EXR/M.USD.EUR.SP00.A?startPeriod=2024-01&endPeriod=2026-08&format=csvdata,2026-09-19
usd_eur,*,*,2026-07-01,2026-08-08,1.1417478260869562,assumed_lag,https://data-api.ecb.europa.eu/service/data/EXR/M.USD.EUR.SP00.A?startPeriod=2024-01&endPeriod=2026-08&format=csvdata,2026-09-19
usd_eur,*,*,2026-08-01,2026-09-08,1.1593095238095241,assumed_lag,https://data-api.ecb.europa.eu/service/data/EXR/M.USD.EUR.SP00.A?startPeriod=2024-01&endPeriod=2026-08&format=csvdata,2026-09-19
industrial_production,ES,industry,2024-01-01,2026-09-19,102.4,retrieval_only_latest_revision,https://ec.europa.eu/eurostat/api/dissemination/statistics/1.0/data/sts_inpr_m?lang=EN&geo=ES&sinceTimePeriod=2024-01&untilTimePeriod=2026-08&s_adj=SCA&unit=I21&nace_r2=B-D,2026-09-19
industrial_production,ES,industry,2024-02-01,2026-09-19,103.9,retrieval_only_latest_revision,https://ec.europa.eu/eurostat/api/dissemination/statistics/1.0/data/sts_inpr_m?lang=EN&geo=ES&sinceTimePeriod=2024-01&untilTimePeriod=2026-08&s_adj=SCA&unit=I21&nace_r2=B-D,2026-09-19
industrial_production,ES,industry,2024-03-01,2026-09-19,101.3,retrieval_only_latest_revision,https://ec.europa.eu/eurostat/api/dissemination/statistics/1.0/data/sts_inpr_m?lang=EN&geo=ES&sinceTimePeriod=2024-01&untilTimePeriod=2026-08&s_adj=SCA&unit=I21&nace_r2=B-D,2026-09-19
industrial_production,ES,industry,2024-04-01,2026-09-19,101.0,retrieval_only_latest_revision,https://ec.europa.eu/eurostat/api/dissemination/statistics/1.0/data/sts_inpr_m?lang=EN&geo=ES&sinceTimePeriod=2024-01&untilTimePeriod=2026-08&s_adj=SCA&unit=I21&nace_r2=B-D,2026-09-19
industrial_production,ES,industry,2024-05-01,2026-09-19,100.2,retrieval_only_latest_revision,https://ec.europa.eu/eurostat/api/dissemination/statistics/1.0/data/sts_inpr_m?lang=EN&geo=ES&sinceTimePeriod=2024-01&untilTimePeriod=2026-08&s_adj=SCA&unit=I21&nace_r2=B-D,2026-09-19
industrial_production,ES,industry,2024-06-01,2026-09-19,101.0,retrieval_only_latest_revision,https://ec.europa.eu/eurostat/api/dissemination/statistics/1.0/data/sts_inpr_m?lang=EN&geo=ES&sinceTimePeriod=2024-01&untilTimePeriod=2026-08&s_adj=SCA&unit=I21&nace_r2=B-D,2026-09-19
industrial_production,ES,industry,2024-07-01,2026-09-19,99.9,retrieval_only_latest_revision,https://ec.europa.eu/eurostat/api/dissemination/statistics/1.0/data/sts_inpr_m?lang=EN&geo=ES&sinceTimePeriod=2024-01&untilTimePeriod=2026-08&s_adj=SCA&unit=I21&nace_r2=B-D,2026-09-19
industrial_production,ES,industry,2024-08-01,2026-09-19,99.1,retrieval_only_latest_revision,https://ec.europa.eu/eurostat/api/dissemination/statistics/1.0/data/sts_inpr_m?lang=EN&geo=ES&sinceTimePeriod=2024-01&untilTimePeriod=2026-08&s_adj=SCA&unit=I21&nace_r2=B-D,2026-09-19
industrial_production,ES,industry,2024-09-01,2026-09-19,101.1,retrieval_only_latest_revision,https://ec.europa.eu/eurostat/api/dissemination/statistics/1.0/data/sts_inpr_m?lang=EN&geo=ES&sinceTimePeriod=2024-01&untilTimePeriod=2026-08&s_adj=SCA&unit=I21&nace_r2=B-D,2026-09-19
industrial_production,ES,industry,2024-10-01,2026-09-19,102.3,retrieval_only_latest_revision,https://ec.europa.eu/eurostat/api/dissemination/statistics/1.0/data/sts_inpr_m?lang=EN&geo=ES&sinceTimePeriod=2024-01&untilTimePeriod=2026-08&s_adj=SCA&unit=I21&nace_r2=B-D,2026-09-19
industrial_production,ES,industry,2024-11-01,2026-09-19,100.0,retrieval_only_latest_revision,https://ec.europa.eu/eurostat/api/dissemination/statistics/1.0/data/sts_inpr_m?lang=EN&geo=ES&sinceTimePeriod=2024-01&untilTimePeriod=2026-08&s_adj=SCA&unit=I21&nace_r2=B-D,2026-09-19
industrial_production,ES,industry,2024-12-01,2026-09-19,102.2,retrieval_only_latest_revision,https://ec.europa.eu/eurostat/api/dissemination/statistics/1.0/data/sts_inpr_m?lang=EN&geo=ES&sinceTimePeriod=2024-01&untilTimePeriod=2026-08&s_adj=SCA&unit=I21&nace_r2=B-D,2026-09-19
industrial_production,ES,industry,2025-01-01,2026-09-19,101.4,retrieval_only_latest_revision,https://ec.europa.eu/eurostat/api/dissemination/statistics/1.0/data/sts_inpr_m?lang=EN&geo=ES&sinceTimePeriod=2024-01&untilTimePeriod=2026-08&s_adj=SCA&unit=I21&nace_r2=B-D,2026-09-19
industrial_production,ES,industry,2025-02-01,2026-09-19,102.4,retrieval_only_latest_revision,https://ec.europa.eu/eurostat/api/dissemination/statistics/1.0/data/sts_inpr_m?lang=EN&geo=ES&sinceTimePeriod=2024-01&untilTimePeriod=2026-08&s_adj=SCA&unit=I21&nace_r2=B-D,2026-09-19
industrial_production,ES,industry,2025-03-01,2026-09-19,102.0,retrieval_only_latest_revision,https://ec.europa.eu/eurostat/api/dissemination/statistics/1.0/data/sts_inpr_m?lang=EN&geo=ES&sinceTimePeriod=2024-01&untilTimePeriod=2026-08&s_adj=SCA&unit=I21&nace_r2=B-D,2026-09-19
industrial_production,ES,industry,2025-04-01,2026-09-19,101.5,retrieval_only_latest_revision,https://ec.europa.eu/eurostat/api/dissemination/statistics/1.0/data/sts_inpr_m?lang=EN&geo=ES&sinceTimePeriod=2024-01&untilTimePeriod=2026-08&s_adj=SCA&unit=I21&nace_r2=B-D,2026-09-19
industrial_production,ES,industry,2025-05-01,2026-09-19,101.7,retrieval_only_latest_revision,https://ec.europa.eu/eurostat/api/dissemination/statistics/1.0/data/sts_inpr_m?lang=EN&geo=ES&sinceTimePeriod=2024-01&untilTimePeriod=2026-08&s_adj=SCA&unit=I21&nace_r2=B-D,2026-09-19
industrial_production,ES,industry,2025-06-01,2026-09-19,103.0,retrieval_only_latest_revision,https://ec.europa.eu/eurostat/api/dissemination/statistics/1.0/data/sts_inpr_m?lang=EN&geo=ES&sinceTimePeriod=2024-01&untilTimePeriod=2026-08&s_adj=SCA&unit=I21&nace_r2=B-D,2026-09-19
industrial_production,ES,industry,2025-07-01,2026-09-19,102.3,retrieval_only_latest_revision,https://ec.europa.eu/eurostat/api/dissemination/statistics/1.0/data/sts_inpr_m?lang=EN&geo=ES&sinceTimePeriod=2024-01&untilTimePeriod=2026-08&s_adj=SCA&unit=I21&nace_r2=B-D,2026-09-19
industrial_production,ES,industry,2025-08-01,2026-09-19,102.1,retrieval_only_latest_revision,https://ec.europa.eu/eurostat/api/dissemination/statistics/1.0/data/sts_inpr_m?lang=EN&geo=ES&sinceTimePeriod=2024-01&untilTimePeriod=2026-08&s_adj=SCA&unit=I21&nace_r2=B-D,2026-09-19
industrial_production,ES,industry,2025-09-01,2026-09-19,102.6,retrieval_only_latest_revision,https://ec.europa.eu/eurostat/api/dissemination/statistics/1.0/data/sts_inpr_m?lang=EN&geo=ES&sinceTimePeriod=2024-01&untilTimePeriod=2026-08&s_adj=SCA&unit=I21&nace_r2=B-D,2026-09-19
industrial_production,ES,industry,2025-10-01,2026-09-19,103.3,retrieval_only_latest_revision,https://ec.europa.eu/eurostat/api/dissemination/statistics/1.0/data/sts_inpr_m?lang=EN&geo=ES&sinceTimePeriod=2024-01&untilTimePeriod=2026-08&s_adj=SCA&unit=I21&nace_r2=B-D,2026-09-19
industrial_production,ES,industry,2025-11-01,2026-09-19,104.5,retrieval_only_latest_revision,https://ec.europa.eu/eurostat/api/dissemination/statistics/1.0/data/sts_inpr_m?lang=EN&geo=ES&sinceTimePeriod=2024-01&untilTimePeriod=2026-08&s_adj=SCA&unit=I21&nace_r2=B-D,2026-09-19
industrial_production,ES,industry,2025-12-01,2026-09-19,102.0,retrieval_only_latest_revision,https://ec.europa.eu/eurostat/api/dissemination/statistics/1.0/data/sts_inpr_m?lang=EN&geo=ES&sinceTimePeriod=2024-01&untilTimePeriod=2026-08&s_adj=SCA&unit=I21&nace_r2=B-D,2026-09-19
industrial_production,ES,industry,2026-01-01,2026-09-19,101.3,retrieval_only_latest_revision,https://ec.europa.eu/eurostat/api/dissemination/statistics/1.0/data/sts_inpr_m?lang=EN&geo=ES&sinceTimePeriod=2024-01&untilTimePeriod=2026-08&s_adj=SCA&unit=I21&nace_r2=B-D,2026-09-19
industrial_production,ES,industry,2026-02-01,2026-09-19,101.4,retrieval_only_latest_revision,https://ec.europa.eu/eurostat/api/dissemination/statistics/1.0/data/sts_inpr_m?lang=EN&geo=ES&sinceTimePeriod=2024-01&untilTimePeriod=2026-08&s_adj=SCA&unit=I21&nace_r2=B-D,2026-09-19
industrial_production,ES,industry,2026-03-01,2026-09-19,104.1,retrieval_only_latest_revision,https://ec.europa.eu/eurostat/api/dissemination/statistics/1.0/data/sts_inpr_m?lang=EN&geo=ES&sinceTimePeriod=2024-01&untilTimePeriod=2026-08&s_adj=SCA&unit=I21&nace_r2=B-D,2026-09-19
industrial_production,ES,industry,2026-04-01,2026-09-19,103.6,retrieval_only_latest_revision,https://ec.europa.eu/eurostat/api/dissemination/statistics/1.0/data/sts_inpr_m?lang=EN&geo=ES&sinceTimePeriod=2024-01&untilTimePeriod=2026-08&s_adj=SCA&unit=I21&nace_r2=B-D,2026-09-19
industrial_production,ES,industry,2026-05-01,2026-09-19,104.6,retrieval_only_latest_revision,https://ec.europa.eu/eurostat/api/dissemination/statistics/1.0/data/sts_inpr_m?lang=EN&geo=ES&sinceTimePeriod=2024-01&untilTimePeriod=2026-08&s_adj=SCA&unit=I21&nace_r2=B-D,2026-09-19
industrial_production,ES,industry,2026-06-01,2026-09-19,104.0,retrieval_only_latest_revision,https://ec.europa.eu/eurostat/api/dissemination/statistics/1.0/data/sts_inpr_m?lang=EN&geo=ES&sinceTimePeriod=2024-01&untilTimePeriod=2026-08&s_adj=SCA&unit=I21&nace_r2=B-D,2026-09-19
industrial_production,ES,industry,2026-07-01,2026-09-19,104.6,retrieval_only_latest_revision,https://ec.europa.eu/eurostat/api/dissemination/statistics/1.0/data/sts_inpr_m?lang=EN&geo=ES&sinceTimePeriod=2024-01&untilTimePeriod=2026-08&s_adj=SCA&unit=I21&nace_r2=B-D,2026-09-19
construction,ES,construction,2024-01-01,2026-09-19,99.6,retrieval_only_latest_revision,https://ec.europa.eu/eurostat/api/dissemination/statistics/1.0/data/sts_copr_m?lang=EN&geo=ES&sinceTimePeriod=2024-01&untilTimePeriod=2026-08&s_adj=SCA&unit=I21&nace_r2=F,2026-09-19
construction,ES,construction,2024-02-01,2026-09-19,95.7,retrieval_only_latest_revision,https://ec.europa.eu/eurostat/api/dissemination/statistics/1.0/data/sts_copr_m?lang=EN&geo=ES&sinceTimePeriod=2024-01&untilTimePeriod=2026-08&s_adj=SCA&unit=I21&nace_r2=F,2026-09-19
construction,ES,construction,2024-03-01,2026-09-19,98.4,retrieval_only_latest_revision,https://ec.europa.eu/eurostat/api/dissemination/statistics/1.0/data/sts_copr_m?lang=EN&geo=ES&sinceTimePeriod=2024-01&untilTimePeriod=2026-08&s_adj=SCA&unit=I21&nace_r2=F,2026-09-19
construction,ES,construction,2024-04-01,2026-09-19,95.1,retrieval_only_latest_revision,https://ec.europa.eu/eurostat/api/dissemination/statistics/1.0/data/sts_copr_m?lang=EN&geo=ES&sinceTimePeriod=2024-01&untilTimePeriod=2026-08&s_adj=SCA&unit=I21&nace_r2=F,2026-09-19
construction,ES,construction,2024-05-01,2026-09-19,96.2,retrieval_only_latest_revision,https://ec.europa.eu/eurostat/api/dissemination/statistics/1.0/data/sts_copr_m?lang=EN&geo=ES&sinceTimePeriod=2024-01&untilTimePeriod=2026-08&s_adj=SCA&unit=I21&nace_r2=F,2026-09-19
construction,ES,construction,2024-06-01,2026-09-19,97.0,retrieval_only_latest_revision,https://ec.europa.eu/eurostat/api/dissemination/statistics/1.0/data/sts_copr_m?lang=EN&geo=ES&sinceTimePeriod=2024-01&untilTimePeriod=2026-08&s_adj=SCA&unit=I21&nace_r2=F,2026-09-19
construction,ES,construction,2024-07-01,2026-09-19,100.4,retrieval_only_latest_revision,https://ec.europa.eu/eurostat/api/dissemination/statistics/1.0/data/sts_copr_m?lang=EN&geo=ES&sinceTimePeriod=2024-01&untilTimePeriod=2026-08&s_adj=SCA&unit=I21&nace_r2=F,2026-09-19
construction,ES,construction,2024-08-01,2026-09-19,98.3,retrieval_only_latest_revision,https://ec.europa.eu/eurostat/api/dissemination/statistics/1.0/data/sts_copr_m?lang=EN&geo=ES&sinceTimePeriod=2024-01&untilTimePeriod=2026-08&s_adj=SCA&unit=I21&nace_r2=F,2026-09-19
construction,ES,construction,2024-09-01,2026-09-19,99.3,retrieval_only_latest_revision,https://ec.europa.eu/eurostat/api/dissemination/statistics/1.0/data/sts_copr_m?lang=EN&geo=ES&sinceTimePeriod=2024-01&untilTimePeriod=2026-08&s_adj=SCA&unit=I21&nace_r2=F,2026-09-19
construction,ES,construction,2024-10-01,2026-09-19,99.1,retrieval_only_latest_revision,https://ec.europa.eu/eurostat/api/dissemination/statistics/1.0/data/sts_copr_m?lang=EN&geo=ES&sinceTimePeriod=2024-01&untilTimePeriod=2026-08&s_adj=SCA&unit=I21&nace_r2=F,2026-09-19
construction,ES,construction,2024-11-01,2026-09-19,100.2,retrieval_only_latest_revision,https://ec.europa.eu/eurostat/api/dissemination/statistics/1.0/data/sts_copr_m?lang=EN&geo=ES&sinceTimePeriod=2024-01&untilTimePeriod=2026-08&s_adj=SCA&unit=I21&nace_r2=F,2026-09-19
construction,ES,construction,2024-12-01,2026-09-19,101.1,retrieval_only_latest_revision,https://ec.europa.eu/eurostat/api/dissemination/statistics/1.0/data/sts_copr_m?lang=EN&geo=ES&sinceTimePeriod=2024-01&untilTimePeriod=2026-08&s_adj=SCA&unit=I21&nace_r2=F,2026-09-19
construction,ES,construction,2025-01-01,2026-09-19,132.6,retrieval_only_latest_revision,https://ec.europa.eu/eurostat/api/dissemination/statistics/1.0/data/sts_copr_m?lang=EN&geo=ES&sinceTimePeriod=2024-01&untilTimePeriod=2026-08&s_adj=SCA&unit=I21&nace_r2=F,2026-09-19
construction,ES,construction,2025-02-01,2026-09-19,131.7,retrieval_only_latest_revision,https://ec.europa.eu/eurostat/api/dissemination/statistics/1.0/data/sts_copr_m?lang=EN&geo=ES&sinceTimePeriod=2024-01&untilTimePeriod=2026-08&s_adj=SCA&unit=I21&nace_r2=F,2026-09-19
construction,ES,construction,2025-03-01,2026-09-19,125.8,retrieval_only_latest_revision,https://ec.europa.eu/eurostat/api/dissemination/statistics/1.0/data/sts_copr_m?lang=EN&geo=ES&sinceTimePeriod=2024-01&untilTimePeriod=2026-08&s_adj=SCA&unit=I21&nace_r2=F,2026-09-19
construction,ES,construction,2025-04-01,2026-09-19,123.7,retrieval_only_latest_revision,https://ec.europa.eu/eurostat/api/dissemination/statistics/1.0/data/sts_copr_m?lang=EN&geo=ES&sinceTimePeriod=2024-01&untilTimePeriod=2026-08&s_adj=SCA&unit=I21&nace_r2=F,2026-09-19
construction,ES,construction,2025-05-01,2026-09-19,126.8,retrieval_only_latest_revision,https://ec.europa.eu/eurostat/api/dissemination/statistics/1.0/data/sts_copr_m?lang=EN&geo=ES&sinceTimePeriod=2024-01&untilTimePeriod=2026-08&s_adj=SCA&unit=I21&nace_r2=F,2026-09-19
construction,ES,construction,2025-06-01,2026-09-19,126.5,retrieval_only_latest_revision,https://ec.europa.eu/eurostat/api/dissemination/statistics/1.0/data/sts_copr_m?lang=EN&geo=ES&sinceTimePeriod=2024-01&untilTimePeriod=2026-08&s_adj=SCA&unit=I21&nace_r2=F,2026-09-19
construction,ES,construction,2025-07-01,2026-09-19,123.6,retrieval_only_latest_revision,https://ec.europa.eu/eurostat/api/dissemination/statistics/1.0/data/sts_copr_m?lang=EN&geo=ES&sinceTimePeriod=2024-01&untilTimePeriod=2026-08&s_adj=SCA&unit=I21&nace_r2=F,2026-09-19
construction,ES,construction,2025-08-01,2026-09-19,119.2,retrieval_only_latest_revision,https://ec.europa.eu/eurostat/api/dissemination/statistics/1.0/data/sts_copr_m?lang=EN&geo=ES&sinceTimePeriod=2024-01&untilTimePeriod=2026-08&s_adj=SCA&unit=I21&nace_r2=F,2026-09-19
construction,ES,construction,2025-09-01,2026-09-19,118.2,retrieval_only_latest_revision,https://ec.europa.eu/eurostat/api/dissemination/statistics/1.0/data/sts_copr_m?lang=EN&geo=ES&sinceTimePeriod=2024-01&untilTimePeriod=2026-08&s_adj=SCA&unit=I21&nace_r2=F,2026-09-19
construction,ES,construction,2025-10-01,2026-09-19,121.3,retrieval_only_latest_revision,https://ec.europa.eu/eurostat/api/dissemination/statistics/1.0/data/sts_copr_m?lang=EN&geo=ES&sinceTimePeriod=2024-01&untilTimePeriod=2026-08&s_adj=SCA&unit=I21&nace_r2=F,2026-09-19
construction,ES,construction,2025-11-01,2026-09-19,117.1,retrieval_only_latest_revision,https://ec.europa.eu/eurostat/api/dissemination/statistics/1.0/data/sts_copr_m?lang=EN&geo=ES&sinceTimePeriod=2024-01&untilTimePeriod=2026-08&s_adj=SCA&unit=I21&nace_r2=F,2026-09-19
construction,ES,construction,2025-12-01,2026-09-19,114.1,retrieval_only_latest_revision,https://ec.europa.eu/eurostat/api/dissemination/statistics/1.0/data/sts_copr_m?lang=EN&geo=ES&sinceTimePeriod=2024-01&untilTimePeriod=2026-08&s_adj=SCA&unit=I21&nace_r2=F,2026-09-19
construction,ES,construction,2026-01-01,2026-09-19,108.9,retrieval_only_latest_revision,https://ec.europa.eu/eurostat/api/dissemination/statistics/1.0/data/sts_copr_m?lang=EN&geo=ES&sinceTimePeriod=2024-01&untilTimePeriod=2026-08&s_adj=SCA&unit=I21&nace_r2=F,2026-09-19
construction,ES,construction,2026-02-01,2026-09-19,109.8,retrieval_only_latest_revision,https://ec.europa.eu/eurostat/api/dissemination/statistics/1.0/data/sts_copr_m?lang=EN&geo=ES&sinceTimePeriod=2024-01&untilTimePeriod=2026-08&s_adj=SCA&unit=I21&nace_r2=F,2026-09-19
construction,ES,construction,2026-03-01,2026-09-19,111.9,retrieval_only_latest_revision,https://ec.europa.eu/eurostat/api/dissemination/statistics/1.0/data/sts_copr_m?lang=EN&geo=ES&sinceTimePeriod=2024-01&untilTimePeriod=2026-08&s_adj=SCA&unit=I21&nace_r2=F,2026-09-19
construction,ES,construction,2026-04-01,2026-09-19,112.5,retrieval_only_latest_revision,https://ec.europa.eu/eurostat/api/dissemination/statistics/1.0/data/sts_copr_m?lang=EN&geo=ES&sinceTimePeriod=2024-01&untilTimePeriod=2026-08&s_adj=SCA&unit=I21&nace_r2=F,2026-09-19
construction,ES,construction,2026-05-01,2026-09-19,108.7,retrieval_only_latest_revision,https://ec.europa.eu/eurostat/api/dissemination/statistics/1.0/data/sts_copr_m?lang=EN&geo=ES&sinceTimePeriod=2024-01&untilTimePeriod=2026-08&s_adj=SCA&unit=I21&nace_r2=F,2026-09-19
construction,ES,construction,2026-06-01,2026-09-19,107.9,retrieval_only_latest_revision,https://ec.europa.eu/eurostat/api/dissemination/statistics/1.0/data/sts_copr_m?lang=EN&geo=ES&sinceTimePeriod=2024-01&untilTimePeriod=2026-08&s_adj=SCA&unit=I21&nace_r2=F,2026-09-19
construction,ES,construction,2026-07-01,2026-09-19,107.5,retrieval_only_latest_revision,https://ec.europa.eu/eurostat/api/dissemination/statistics/1.0/data/sts_copr_m?lang=EN&geo=ES&sinceTimePeriod=2024-01&untilTimePeriod=2026-08&s_adj=SCA&unit=I21&nace_r2=F,2026-09-19
retail,ES,retail,2024-01-01,2026-09-19,105.4,retrieval_only_latest_revision,https://ec.europa.eu/eurostat/api/dissemination/statistics/1.0/data/sts_trtu_m?lang=EN&geo=ES&sinceTimePeriod=2024-01&untilTimePeriod=2026-08&s_adj=SCA&unit=I21&nace_r2=G47&indic_bt=VOL_SLS,2026-09-19
retail,ES,retail,2024-02-01,2026-09-19,105.5,retrieval_only_latest_revision,https://ec.europa.eu/eurostat/api/dissemination/statistics/1.0/data/sts_trtu_m?lang=EN&geo=ES&sinceTimePeriod=2024-01&untilTimePeriod=2026-08&s_adj=SCA&unit=I21&nace_r2=G47&indic_bt=VOL_SLS,2026-09-19
retail,ES,retail,2024-03-01,2026-09-19,105.0,retrieval_only_latest_revision,https://ec.europa.eu/eurostat/api/dissemination/statistics/1.0/data/sts_trtu_m?lang=EN&geo=ES&sinceTimePeriod=2024-01&untilTimePeriod=2026-08&s_adj=SCA&unit=I21&nace_r2=G47&indic_bt=VOL_SLS,2026-09-19
retail,ES,retail,2024-04-01,2026-09-19,106.1,retrieval_only_latest_revision,https://ec.europa.eu/eurostat/api/dissemination/statistics/1.0/data/sts_trtu_m?lang=EN&geo=ES&sinceTimePeriod=2024-01&untilTimePeriod=2026-08&s_adj=SCA&unit=I21&nace_r2=G47&indic_bt=VOL_SLS,2026-09-19
retail,ES,retail,2024-05-01,2026-09-19,105.5,retrieval_only_latest_revision,https://ec.europa.eu/eurostat/api/dissemination/statistics/1.0/data/sts_trtu_m?lang=EN&geo=ES&sinceTimePeriod=2024-01&untilTimePeriod=2026-08&s_adj=SCA&unit=I21&nace_r2=G47&indic_bt=VOL_SLS,2026-09-19
retail,ES,retail,2024-06-01,2026-09-19,105.3,retrieval_only_latest_revision,https://ec.europa.eu/eurostat/api/dissemination/statistics/1.0/data/sts_trtu_m?lang=EN&geo=ES&sinceTimePeriod=2024-01&untilTimePeriod=2026-08&s_adj=SCA&unit=I21&nace_r2=G47&indic_bt=VOL_SLS,2026-09-19
retail,ES,retail,2024-07-01,2026-09-19,106.6,retrieval_only_latest_revision,https://ec.europa.eu/eurostat/api/dissemination/statistics/1.0/data/sts_trtu_m?lang=EN&geo=ES&sinceTimePeriod=2024-01&untilTimePeriod=2026-08&s_adj=SCA&unit=I21&nace_r2=G47&indic_bt=VOL_SLS,2026-09-19
retail,ES,retail,2024-08-01,2026-09-19,107.0,retrieval_only_latest_revision,https://ec.europa.eu/eurostat/api/dissemination/statistics/1.0/data/sts_trtu_m?lang=EN&geo=ES&sinceTimePeriod=2024-01&untilTimePeriod=2026-08&s_adj=SCA&unit=I21&nace_r2=G47&indic_bt=VOL_SLS,2026-09-19
retail,ES,retail,2024-09-01,2026-09-19,107.9,retrieval_only_latest_revision,https://ec.europa.eu/eurostat/api/dissemination/statistics/1.0/data/sts_trtu_m?lang=EN&geo=ES&sinceTimePeriod=2024-01&untilTimePeriod=2026-08&s_adj=SCA&unit=I21&nace_r2=G47&indic_bt=VOL_SLS,2026-09-19
retail,ES,retail,2024-10-01,2026-09-19,108.1,retrieval_only_latest_revision,https://ec.europa.eu/eurostat/api/dissemination/statistics/1.0/data/sts_trtu_m?lang=EN&geo=ES&sinceTimePeriod=2024-01&untilTimePeriod=2026-08&s_adj=SCA&unit=I21&nace_r2=G47&indic_bt=VOL_SLS,2026-09-19
retail,ES,retail,2024-11-01,2026-09-19,106.9,retrieval_only_latest_revision,https://ec.europa.eu/eurostat/api/dissemination/statistics/1.0/data/sts_trtu_m?lang=EN&geo=ES&sinceTimePeriod=2024-01&untilTimePeriod=2026-08&s_adj=SCA&unit=I21&nace_r2=G47&indic_bt=VOL_SLS,2026-09-19
retail,ES,retail,2024-12-01,2026-09-19,109.3,retrieval_only_latest_revision,https://ec.europa.eu/eurostat/api/dissemination/statistics/1.0/data/sts_trtu_m?lang=EN&geo=ES&sinceTimePeriod=2024-01&untilTimePeriod=2026-08&s_adj=SCA&unit=I21&nace_r2=G47&indic_bt=VOL_SLS,2026-09-19
retail,ES,retail,2025-01-01,2026-09-19,108.1,retrieval_only_latest_revision,https://ec.europa.eu/eurostat/api/dissemination/statistics/1.0/data/sts_trtu_m?lang=EN&geo=ES&sinceTimePeriod=2024-01&untilTimePeriod=2026-08&s_adj=SCA&unit=I21&nace_r2=G47&indic_bt=VOL_SLS,2026-09-19
retail,ES,retail,2025-02-01,2026-09-19,109.6,retrieval_only_latest_revision,https://ec.europa.eu/eurostat/api/dissemination/statistics/1.0/data/sts_trtu_m?lang=EN&geo=ES&sinceTimePeriod=2024-01&untilTimePeriod=2026-08&s_adj=SCA&unit=I21&nace_r2=G47&indic_bt=VOL_SLS,2026-09-19
retail,ES,retail,2025-03-01,2026-09-19,108.9,retrieval_only_latest_revision,https://ec.europa.eu/eurostat/api/dissemination/statistics/1.0/data/sts_trtu_m?lang=EN&geo=ES&sinceTimePeriod=2024-01&untilTimePeriod=2026-08&s_adj=SCA&unit=I21&nace_r2=G47&indic_bt=VOL_SLS,2026-09-19
retail,ES,retail,2025-04-01,2026-09-19,110.8,retrieval_only_latest_revision,https://ec.europa.eu/eurostat/api/dissemination/statistics/1.0/data/sts_trtu_m?lang=EN&geo=ES&sinceTimePeriod=2024-01&untilTimePeriod=2026-08&s_adj=SCA&unit=I21&nace_r2=G47&indic_bt=VOL_SLS,2026-09-19
retail,ES,retail,2025-05-01,2026-09-19,110.7,retrieval_only_latest_revision,https://ec.europa.eu/eurostat/api/dissemination/statistics/1.0/data/sts_trtu_m?lang=EN&geo=ES&sinceTimePeriod=2024-01&untilTimePeriod=2026-08&s_adj=SCA&unit=I21&nace_r2=G47&indic_bt=VOL_SLS,2026-09-19
retail,ES,retail,2025-06-01,2026-09-19,111.8,retrieval_only_latest_revision,https://ec.europa.eu/eurostat/api/dissemination/statistics/1.0/data/sts_trtu_m?lang=EN&geo=ES&sinceTimePeriod=2024-01&untilTimePeriod=2026-08&s_adj=SCA&unit=I21&nace_r2=G47&indic_bt=VOL_SLS,2026-09-19
retail,ES,retail,2025-07-01,2026-09-19,111.9,retrieval_only_latest_revision,https://ec.europa.eu/eurostat/api/dissemination/statistics/1.0/data/sts_trtu_m?lang=EN&geo=ES&sinceTimePeriod=2024-01&untilTimePeriod=2026-08&s_adj=SCA&unit=I21&nace_r2=G47&indic_bt=VOL_SLS,2026-09-19
retail,ES,retail,2025-08-01,2026-09-19,111.9,retrieval_only_latest_revision,https://ec.europa.eu/eurostat/api/dissemination/statistics/1.0/data/sts_trtu_m?lang=EN&geo=ES&sinceTimePeriod=2024-01&untilTimePeriod=2026-08&s_adj=SCA&unit=I21&nace_r2=G47&indic_bt=VOL_SLS,2026-09-19
retail,ES,retail,2025-09-01,2026-09-19,112.3,retrieval_only_latest_revision,https://ec.europa.eu/eurostat/api/dissemination/statistics/1.0/data/sts_trtu_m?lang=EN&geo=ES&sinceTimePeriod=2024-01&untilTimePeriod=2026-08&s_adj=SCA&unit=I21&nace_r2=G47&indic_bt=VOL_SLS,2026-09-19
retail,ES,retail,2025-10-01,2026-09-19,112.3,retrieval_only_latest_revision,https://ec.europa.eu/eurostat/api/dissemination/statistics/1.0/data/sts_trtu_m?lang=EN&geo=ES&sinceTimePeriod=2024-01&untilTimePeriod=2026-08&s_adj=SCA&unit=I21&nace_r2=G47&indic_bt=VOL_SLS,2026-09-19
retail,ES,retail,2025-11-01,2026-09-19,113.3,retrieval_only_latest_revision,https://ec.europa.eu/eurostat/api/dissemination/statistics/1.0/data/sts_trtu_m?lang=EN&geo=ES&sinceTimePeriod=2024-01&untilTimePeriod=2026-08&s_adj=SCA&unit=I21&nace_r2=G47&indic_bt=VOL_SLS,2026-09-19
retail,ES,retail,2025-12-01,2026-09-19,112.2,retrieval_only_latest_revision,https://ec.europa.eu/eurostat/api/dissemination/statistics/1.0/data/sts_trtu_m?lang=EN&geo=ES&sinceTimePeriod=2024-01&untilTimePeriod=2026-08&s_adj=SCA&unit=I21&nace_r2=G47&indic_bt=VOL_SLS,2026-09-19
retail,ES,retail,2026-01-01,2026-09-19,112.1,retrieval_only_latest_revision,https://ec.europa.eu/eurostat/api/dissemination/statistics/1.0/data/sts_trtu_m?lang=EN&geo=ES&sinceTimePeriod=2024-01&untilTimePeriod=2026-08&s_adj=SCA&unit=I21&nace_r2=G47&indic_bt=VOL_SLS,2026-09-19
retail,ES,retail,2026-02-01,2026-09-19,112.0,retrieval_only_latest_revision,https://ec.europa.eu/eurostat/api/dissemination/statistics/1.0/data/sts_trtu_m?lang=EN&geo=ES&sinceTimePeriod=2024-01&untilTimePeriod=2026-08&s_adj=SCA&unit=I21&nace_r2=G47&indic_bt=VOL_SLS,2026-09-19
retail,ES,retail,2026-03-01,2026-09-19,113.2,retrieval_only_latest_revision,https://ec.europa.eu/eurostat/api/dissemination/statistics/1.0/data/sts_trtu_m?lang=EN&geo=ES&sinceTimePeriod=2024-01&untilTimePeriod=2026-08&s_adj=SCA&unit=I21&nace_r2=G47&indic_bt=VOL_SLS,2026-09-19
retail,ES,retail,2026-04-01,2026-09-19,111.5,retrieval_only_latest_revision,https://ec.europa.eu/eurostat/api/dissemination/statistics/1.0/data/sts_trtu_m?lang=EN&geo=ES&sinceTimePeriod=2024-01&untilTimePeriod=2026-08&s_adj=SCA&unit=I21&nace_r2=G47&indic_bt=VOL_SLS,2026-09-19
retail,ES,retail,2026-05-01,2026-09-19,112.1,retrieval_only_latest_revision,https://ec.europa.eu/eurostat/api/dissemination/statistics/1.0/data/sts_trtu_m?lang=EN&geo=ES&sinceTimePeriod=2024-01&untilTimePeriod=2026-08&s_adj=SCA&unit=I21&nace_r2=G47&indic_bt=VOL_SLS,2026-09-19
retail,ES,retail,2026-06-01,2026-09-19,112.5,retrieval_only_latest_revision,https://ec.europa.eu/eurostat/api/dissemination/statistics/1.0/data/sts_trtu_m?lang=EN&geo=ES&sinceTimePeriod=2024-01&untilTimePeriod=2026-08&s_adj=SCA&unit=I21&nace_r2=G47&indic_bt=VOL_SLS,2026-09-19
retail,ES,retail,2026-07-01,2026-09-19,111.5,retrieval_only_latest_revision,https://ec.europa.eu/eurostat/api/dissemination/statistics/1.0/data/sts_trtu_m?lang=EN&geo=ES&sinceTimePeriod=2024-01&untilTimePeriod=2026-08&s_adj=SCA&unit=I21&nace_r2=G47&indic_bt=VOL_SLS,2026-09-19
